title,movie_url,rating,genre,release_year,directors,lead_actors,box_office
The Shawshank Redemption,https://www.imdb.com/title/tt0111161/,9.3,Drama,1994,['Frank Darabont'],"['Tim Robbins', 'Morgan Freeman', 'Bob Gunton']","$29,332,133"
The Godfather,https://www.imdb.com/title/tt0068646/,9.2,"Crime, Drama",1972,['Francis Ford Coppola'],"['Marlon Brando', 'Al Pacino', 'James Caan']","$250,342,198"
The Dark Knight,https://www.imdb.com/title/tt0468569/,9.0,"Action, Crime, Drama",2008,['Christopher Nolan'],"['Christian Bale', 'Heath Ledger', 'Aaron Eckhart']","$1,009,057,329"
The Godfather Part II,https://www.imdb.com/title/tt0071562/,9.0,"Crime, Drama",1974,['Francis Ford Coppola'],"['Al Pacino', 'Robert De Niro', 'Robert Duvall']","$47,964,222"
12 Angry Men,https://www.imdb.com/title/tt0050083/,9.0,"Crime, Drama",1957,['Sidney Lumet'],"['Henry Fonda', 'Lee J. Cobb', 'Martin Balsam']","$2,945"
The Lord of the Rings: The Return of the King,https://www.imdb.com/title/tt0167260/,9.0,"Adventure, Drama, Fantasy",2003,['Peter Jackson'],"['Elijah Wood', 'Viggo Mortensen', 'Ian McKellen']","$1,138,267,561"
Schindler&apos;s List,https://www.imdb.com/title/tt0108052/,9.0,"Biography, Drama, History",1994,['Steven Spielberg'],"['Liam Neeson', 'Ralph Fiennes', 'Ben Kingsley']","$322,161,245"
Pulp Fiction,https://www.imdb.com/title/tt0110912/,8.9,"Crime, Drama",1994,['Quentin Tarantino'],"['John Travolta', 'Uma Thurman', 'Samuel L. Jackson']","$213,928,762"
The Lord of the Rings: The Fellowship of the Ring,https://www.imdb.com/title/tt0120737/,8.9,"Adventure, Drama, Fantasy",2001,['Peter Jackson'],"['Elijah Wood', 'Ian McKellen', 'Orlando Bloom']","$888,171,906"
"Il buono, il brutto, il cattivo",https://www.imdb.com/title/tt0060196/,8.8,"Adventure, Western",1966,['Sergio Leone'],"['Clint Eastwood', 'Eli Wallach', 'Lee Van Cleef']","$25,264,999"
Forrest Gump,https://www.imdb.com/title/tt0109830/,8.8,"Drama, Romance",1994,['Robert Zemeckis'],"['Tom Hanks', 'Robin Wright', 'Gary Sinise']","$678,226,465"
The Lord of the Rings: The Two Towers,https://www.imdb.com/title/tt0167261/,8.8,"Adventure, Drama, Fantasy",2002,['Peter Jackson'],"['Elijah Wood', 'Ian McKellen', 'Viggo Mortensen']","$938,242,927"
Fight Club,https://www.imdb.com/title/tt0137523/,8.8,Drama,1999,['David Fincher'],"['Brad Pitt', 'Edward Norton', 'Meat Loaf']","$101,321,009"
Inception,https://www.imdb.com/title/tt1375666/,8.8,"Action, Adventure, Sci-Fi",2010,['Christopher Nolan'],"['Leonardo DiCaprio', 'Joseph Gordon-Levitt', 'Elliot Page']","$839,030,630"
Star Wars: Episode V - The Empire Strikes Back,https://www.imdb.com/title/tt0080684/,8.7,"Action, Adventure, Fantasy",1980,['Irvin Kershner'],"['Mark Hamill', 'Harrison Ford', 'Carrie Fisher']","$550,016,086"
The Matrix,https://www.imdb.com/title/tt0133093/,8.7,"Action, Sci-Fi",1999,"['Lana Wachowski', 'Lilly Wachowski']","['Keanu Reeves', 'Laurence Fishburne', 'Carrie-Anne Moss']","$467,841,735"
GoodFellas,https://www.imdb.com/title/tt0099685/,8.7,"Biography, Crime, Drama",1990,['Martin Scorsese'],"['Robert De Niro', 'Ray Liotta', 'Joe Pesci']","$47,058,317"
One Flew Over the Cuckoo&apos;s Nest,https://www.imdb.com/title/tt0073486/,8.7,Drama,1975,['Milos Forman'],"['Jack Nicholson', 'Louise Fletcher', 'Michael Berryman']","$109,115,366"
Interstellar,https://www.imdb.com/title/tt0816692/,8.7,"Adventure, Drama, Sci-Fi",2014,['Christopher Nolan'],"['Matthew McConaughey', 'Anne Hathaway', 'Jessica Chastain']","$758,464,713"
Se7en,https://www.imdb.com/title/tt0114369/,8.6,"Crime, Drama, Mystery",1995,['David Fincher'],"['Morgan Freeman', 'Brad Pitt', 'Kevin Spacey']","$328,971,354"
It&apos;s a Wonderful Life,https://www.imdb.com/title/tt0038650/,8.6,"Drama, Family, Fantasy",1947,['Frank Capra'],"['James Stewart', 'Donna Reed', 'Lionel Barrymore']","$10,635,461"
Shichinin no samurai,https://www.imdb.com/title/tt0047478/,8.6,"Action, Drama",1954,['Akira Kurosawa'],"['Toshirô Mifune', 'Takashi Shimura', 'Keiko Tsushima']","$1,082,148"
The Silence of the Lambs,https://www.imdb.com/title/tt0102926/,8.6,"Crime, Drama, Horror",1991,['Jonathan Demme'],"['Jodie Foster', 'Anthony Hopkins', 'Scott Glenn']","$272,742,922"
Saving Private Ryan,https://www.imdb.com/title/tt0120815/,8.6,"Drama, War",1998,['Steven Spielberg'],"['Tom Hanks', 'Matt Damon', 'Tom Sizemore']","$482,352,390"
Cidade de Deus,https://www.imdb.com/title/tt0317248/,8.6,"Crime, Drama",2002,"['Fernando Meirelles', 'Kátia Lund']","['Alexandre Rodrigues', 'Leandro Firmino', 'Matheus Nachtergaele']","$30,681,033"
The Green Mile,https://www.imdb.com/title/tt0120689/,8.6,"Crime, Drama, Fantasy",1999,['Frank Darabont'],"['Tom Hanks', 'Michael Clarke Duncan', 'David Morse']","$286,801,374"
La vita è bella,https://www.imdb.com/title/tt0118799/,8.6,"Comedy, Drama, Romance",1997,['Roberto Benigni'],"['Roberto Benigni', 'Nicoletta Braschi', 'Giorgio Cantarini']","$230,099,013"
Terminator 2: Judgment Day,https://www.imdb.com/title/tt0103064/,8.6,"Action, Adventure, Sci-Fi",1991,['James Cameron'],"['Arnold Schwarzenegger', 'Linda Hamilton', 'Edward Furlong']","$517,778,573"
Star Wars,https://www.imdb.com/title/tt0076759/,8.6,"Action, Adventure, Fantasy",1977,['George Lucas'],"['Mark Hamill', 'Harrison Ford', 'Carrie Fisher']","$775,398,507"
Back to the Future,https://www.imdb.com/title/tt0088763/,8.5,"Adventure, Comedy, Sci-Fi",1985,['Robert Zemeckis'],"['Michael J. Fox', 'Christopher Lloyd', 'Lea Thompson']","$385,053,307"
Sen to Chihiro no kamikakushi,https://www.imdb.com/title/tt0245429/,8.6,"Animation, Adventure, Family",2001,['Hayao Miyazaki'],"['Daveigh Chase', 'Suzanne Pleshette', 'Miyu Irino']","$358,862,570"
The Pianist,https://www.imdb.com/title/tt0253474/,8.5,"Biography, Drama, Music",2002,['Roman Polanski'],"['Adrien Brody', 'Thomas Kretschmann', 'Frank Finlay']","$120,098,945"
Gladiator,https://www.imdb.com/title/tt0172495/,8.5,"Action, Adventure, Drama",2000,['Ridley Scott'],"['Russell Crowe', 'Joaquin Phoenix', 'Connie Nielsen']","$465,516,248"
Gisaengchung,https://www.imdb.com/title/tt6751668/,8.5,"Drama, Thriller",2019,['Bong Joon Ho'],"['Song Kang-ho', 'Lee Sun-kyun', 'Cho Yeo-jeong']","$262,608,117"
Psycho,https://www.imdb.com/title/tt0054215/,8.5,"Horror, Mystery, Thriller",1960,['Alfred Hitchcock'],"['Anthony Perkins', 'Janet Leigh', 'Vera Miles']","$32,248,065"
The Lion King,https://www.imdb.com/title/tt0110357/,8.5,"Animation, Adventure, Drama",1994,"['Roger Allers', 'Rob Minkoff']","['Matthew Broderick', 'Jeremy Irons', 'James Earl Jones']","$979,161,373"
Hotaru no haka,https://www.imdb.com/title/tt0095327/,8.5,"Animation, Drama, War",1988,['Isao Takahata'],"['Tsutomu Tatsumi', 'Ayano Shiraishi', 'Akemi Yamaguchi']","$839,052"
The Departed,https://www.imdb.com/title/tt0407887/,8.5,"Crime, Drama, Thriller",2006,['Martin Scorsese'],"['Leonardo DiCaprio', 'Matt Damon', 'Jack Nicholson']","$291,481,358"
Whiplash,https://www.imdb.com/title/tt2582802/,8.5,"Drama, Music",2014,['Damien Chazelle'],"['Miles Teller', 'J.K. Simmons', 'Melissa Benoist']","$50,360,880"
Seppuku,https://www.imdb.com/title/tt0056058/,8.6,"Drama, Mystery",1962,['Masaki Kobayashi'],"['Tatsuya Nakadai', 'Akira Ishihama', 'Shima Iwashita']","$15,222"
American History X,https://www.imdb.com/title/tt0120586/,8.5,"Crime, Drama",1998,['Tony Kaye'],"['Edward Norton', 'Edward Furlong', 'Beverly D&apos;Angelo']","$23,875,714"
The Prestige,https://www.imdb.com/title/tt0482571/,8.5,"Drama, Mystery, Sci-Fi",2006,['Christopher Nolan'],"['Christian Bale', 'Hugh Jackman', 'Scarlett Johansson']","$109,676,311"
Léon,https://www.imdb.com/title/tt0110413/,8.5,"Action, Crime, Drama",1994,['Luc Besson'],"['Jean Reno', 'Gary Oldman', 'Natalie Portman']","$20,278,989"
Spider-Man: Across the Spider-Verse,https://www.imdb.com/title/tt9362722/,8.5,"Animation, Action, Adventure",2023,"['Joaquim Dos Santos', 'Kemp Powers', 'Justin K. Thompson']","['Shameik Moore', 'Hailee Steinfeld', 'Brian Tyree Henry']","$690,824,738"
Casablanca,https://www.imdb.com/title/tt0034583/,8.5,"Drama, Romance, War",1943,['Michael Curtiz'],"['Humphrey Bogart', 'Ingrid Bergman', 'Paul Henreid']","$4,727,083"
The Usual Suspects,https://www.imdb.com/title/tt0114814/,8.5,"Crime, Drama, Mystery",1995,['Bryan Singer'],"['Kevin Spacey', 'Gabriel Byrne', 'Chazz Palminteri']","$23,341,568"
Intouchables,https://www.imdb.com/title/tt1675434/,8.5,"Comedy, Drama",2011,"['Olivier Nakache', 'Éric Toledano']","['François Cluzet', 'Omar Sy', 'Anne Le Ny']","$426,590,315"
Nuovo Cinema Paradiso,https://www.imdb.com/title/tt0095765/,8.5,"Drama, Romance",1988,['Giuseppe Tornatore'],"['Philippe Noiret', 'Enzo Cannavale', 'Antonella Attili']","$13,020,497"
Modern Times,https://www.imdb.com/title/tt0027977/,8.5,"Comedy, Drama, Romance",1936,['Charles Chaplin'],"['Charles Chaplin', 'Paulette Goddard', 'Henry Bergman']","$463,618"
Alien,https://www.imdb.com/title/tt0078748/,8.5,"Horror, Sci-Fi",1979,['Ridley Scott'],"['Sigourney Weaver', 'Tom Skerritt', 'John Hurt']","$108,610,231"
Rear Window,https://www.imdb.com/title/tt0047396/,8.5,"Drama, Mystery, Thriller",1954,['Alfred Hitchcock'],"['James Stewart', 'Grace Kelly', 'Wendell Corey']","$37,905,475"
C&apos;era una volta il West,https://www.imdb.com/title/tt0064116/,8.5,"Drama, Western",1968,['Sergio Leone'],"['Henry Fonda', 'Charles Bronson', 'Claudia Cardinale']","$5,435,312"
Django Unchained,https://www.imdb.com/title/tt1853728/,8.5,Western,2012,['Quentin Tarantino'],"['Jamie Foxx', 'Christoph Waltz', 'Leonardo DiCaprio']","$426,076,293"
City Lights,https://www.imdb.com/title/tt0021749/,8.5,"Comedy, Drama, Romance",1931,['Charles Chaplin'],"['Charles Chaplin', 'Virginia Cherrill', 'Florence Lee']","$55,154"
Apocalypse Now,https://www.imdb.com/title/tt0078788/,8.4,"Drama, Mystery, War",1979,['Francis Ford Coppola'],"['Martin Sheen', 'Marlon Brando', 'Robert Duvall']","$105,086,099"
Dune: Part Two,https://www.imdb.com/title/tt15239678/,8.5,"Action, Adventure, Drama",2024,['Denis Villeneuve'],"['Timothée Chalamet', 'Zendaya', 'Rebecca Ferguson']","$714,644,358"
Memento,https://www.imdb.com/title/tt0209144/,8.4,"Mystery, Thriller",2001,['Christopher Nolan'],"['Guy Pearce', 'Carrie-Anne Moss', 'Joe Pantoliano']","$40,047,236"
WALL·E,https://www.imdb.com/title/tt0910970/,8.4,"Animation, Adventure, Family",2008,['Andrew Stanton'],"['Ben Burtt', 'Elissa Knight', 'Jeff Garlin']","$527,403,656"
Raiders of the Lost Ark,https://www.imdb.com/title/tt0082971/,8.4,"Action, Adventure",1981,['Steven Spielberg'],"['Harrison Ford', 'Karen Allen', 'Paul Freeman']","$389,925,971"
Das Leben der Anderen,https://www.imdb.com/title/tt0405094/,8.4,"Drama, Mystery, Thriller",2006,['Florian Henckel von Donnersmarck'],"['Ulrich Mühe', 'Martina Gedeck', 'Sebastian Koch']","$77,672,685"
Avengers: Infinity War,https://www.imdb.com/title/tt4154756/,8.4,"Action, Adventure, Sci-Fi",2018,"['Anthony Russo', 'Joe Russo']","['Robert Downey Jr.', 'Chris Hemsworth', 'Mark Ruffalo']","$2,052,415,039"
Sunset Boulevard,https://www.imdb.com/title/tt0043014/,8.4,"Drama, Film-Noir",1950,['Billy Wilder'],"['William Holden', 'Gloria Swanson', 'Erich von Stroheim']","$309,467"
Spider-Man: Into the Spider-Verse,https://www.imdb.com/title/tt4633694/,8.4,"Animation, Action, Adventure",2018,"['Bob Persichetti', 'Peter Ramsey', 'Rodney Rothman']","['Shameik Moore', 'Jake Johnson', 'Hailee Steinfeld']","$393,602,435"
Paths of Glory,https://www.imdb.com/title/tt0050825/,8.4,"Drama, War",1957,['Stanley Kubrick'],"['Kirk Douglas', 'Ralph Meeker', 'Adolphe Menjou']","$8,290"
Witness for the Prosecution,https://www.imdb.com/title/tt0051201/,8.4,"Crime, Drama, Mystery",1958,['Billy Wilder'],"['Tyrone Power', 'Marlene Dietrich', 'Charles Laughton']","$7,903"
The Shining,https://www.imdb.com/title/tt0081505/,8.4,"Drama, Horror",1980,['Stanley Kubrick'],"['Jack Nicholson', 'Shelley Duvall', 'Danny Lloyd']","$47,962,534"
The Great Dictator,https://www.imdb.com/title/tt0032553/,8.4,"Comedy, Drama, War",1941,['Charles Chaplin'],"['Charles Chaplin', 'Paulette Goddard', 'Jack Oakie']","$972,212"
12th Fail,https://www.imdb.com/title/tt23849204/,8.8,"Biography, Drama",2023,['Vidhu Vinod Chopra'],"['Vikrant Massey', 'Medha Shankr', 'Anant Joshi']","$138,288"
Aliens,https://www.imdb.com/title/tt0090605/,8.4,"Action, Adventure, Horror",1986,['James Cameron'],"['Sigourney Weaver', 'Michael Biehn', 'Carrie Henn']","$131,060,248"
Inglourious Basterds,https://www.imdb.com/title/tt0361748/,8.4,"Adventure, Drama, War",2009,['Quentin Tarantino'],"['Brad Pitt', 'Diane Kruger', 'Eli Roth']","$321,460,744"
The Dark Knight Rises,https://www.imdb.com/title/tt1345836/,8.4,"Action, Drama, Thriller",2012,['Christopher Nolan'],"['Christian Bale', 'Tom Hardy', 'Anne Hathaway']","$1,114,976,407"
Coco,https://www.imdb.com/title/tt2380307/,8.4,"Animation, Adventure, Drama",2017,"['Lee Unkrich', 'Adrian Molina']","['Anthony Gonzalez', 'Gael García Bernal', 'Benjamin Bratt']","$814,641,172"
Amadeus,https://www.imdb.com/title/tt0086879/,8.4,"Biography, Drama, Music",1984,['Milos Forman'],"['F. Murray Abraham', 'Tom Hulce', 'Elizabeth Berridge']","$52,110,293"
Toy Story,https://www.imdb.com/title/tt0114709/,8.3,"Animation, Adventure, Comedy",1995,['John Lasseter'],"['Tom Hanks', 'Tim Allen', 'Don Rickles']","$394,436,586"
Avengers: Endgame,https://www.imdb.com/title/tt4154796/,8.4,"Action, Adventure, Sci-Fi",2019,"['Anthony Russo', 'Joe Russo']","['Robert Downey Jr.', 'Chris Evans', 'Mark Ruffalo']","$2,799,439,100"
Good Will Hunting,https://www.imdb.com/title/tt0119217/,8.3,"Drama, Romance",1998,['Gus Van Sant'],"['Robin Williams', 'Matt Damon', 'Ben Affleck']","$225,933,435"
Oldeuboi,https://www.imdb.com/title/tt0364569/,8.3,"Action, Drama, Mystery",2003,['Park Chan-wook'],"['Choi Min-sik', 'Yoo Ji-tae', 'Kang Hye-jeong']","$17,592,355"
Dr. Strangelove or: How I Learned to Stop Worrying and Love the Bomb,https://www.imdb.com/title/tt0057012/,8.3,"Comedy, War",1964,['Stanley Kubrick'],"['Peter Sellers', 'George C. Scott', 'Sterling Hayden']","$9,631,984"
American Beauty,https://www.imdb.com/title/tt0169547/,8.3,Drama,1999,['Sam Mendes'],"['Kevin Spacey', 'Annette Bening', 'Thora Birch']","$356,296,601"
Das Boot,https://www.imdb.com/title/tt0082096/,8.4,"Drama, War",1981,['Wolfgang Petersen'],"['Jürgen Prochnow', 'Herbert Grönemeyer', 'Klaus Wennemann']","$11,488,778"
Braveheart,https://www.imdb.com/title/tt0112573/,8.3,"Biography, Drama, War",1995,['Mel Gibson'],"['Mel Gibson', 'Sophie Marceau', 'Patrick McGoohan']","$213,216,216"
Mononoke-hime,https://www.imdb.com/title/tt0119698/,8.3,"Animation, Adventure, Fantasy",1997,['Hayao Miyazaki'],"['Yôji Matsuda', 'Yuriko Ishida', 'Yûko Tanaka']","$170,518,820"
Kimi no na wa.,https://www.imdb.com/title/tt5311514/,8.4,"Animation, Drama, Fantasy",2016,['Makoto Shinkai'],"['Ryûnosuke Kamiki', 'Mone Kamishiraishi', 'Ryo Narita']","$405,340,703"
Tengoku to jigoku,https://www.imdb.com/title/tt0057565/,8.4,"Crime, Drama, Mystery",1963,['Akira Kurosawa'],"['Toshirô Mifune', 'Yutaka Sada', 'Tatsuya Nakadai']","$64,277"
3 Idiots,https://www.imdb.com/title/tt1187043/,8.4,"Comedy, Drama",2009,['Rajkumar Hirani'],"['Aamir Khan', 'Madhavan', 'Mona Singh']","$60,262,836"
Joker,https://www.imdb.com/title/tt7286456/,8.3,"Crime, Drama, Thriller",2019,['Todd Phillips'],"['Joaquin Phoenix', 'Robert De Niro', 'Zazie Beetz']","$1,078,958,629"
Once Upon a Time in America,https://www.imdb.com/title/tt0087843/,8.3,"Crime, Drama",1984,['Sergio Leone'],"['Robert De Niro', 'James Woods', 'Elizabeth McGovern']","$5,476,126"
Capharnaüm,https://www.imdb.com/title/tt8267604/,8.4,Drama,2018,['Nadine Labaki'],"['Zain Al Rafeea', 'Yordanos Shiferaw', 'Boluwatife Treasure Bankole']","$64,417,003"
Singin&apos; in the Rain,https://www.imdb.com/title/tt0045152/,8.3,"Comedy, Musical, Romance",1952,"['Stanley Donen', 'Gene Kelly']","['Gene Kelly', 'Donald O&apos;Connor', 'Debbie Reynolds']","$2,094,272"
Idi i smotri,https://www.imdb.com/title/tt0091251/,8.3,"Drama, Thriller, War",1985,['Elem Klimov'],"['Aleksey Kravchenko', 'Olga Mironova', 'Liubomiras Laucevicius']","$20,929,648"
Requiem for a Dream,https://www.imdb.com/title/tt0180093/,8.3,Drama,2000,['Darren Aronofsky'],"['Ellen Burstyn', 'Jared Leto', 'Jennifer Connelly']","$7,391,471"
Toy Story 3,https://www.imdb.com/title/tt0435761/,8.3,"Animation, Adventure, Comedy",2010,['Lee Unkrich'],"['Tom Hanks', 'Tim Allen', 'Joan Cusack']","$1,067,316,101"
Star Wars: Episode VI - Return of the Jedi,https://www.imdb.com/title/tt0086190/,8.3,"Action, Adventure, Fantasy",1983,['Richard Marquand'],"['Mark Hamill', 'Harrison Ford', 'Carrie Fisher']","$482,466,382"
Jagten,https://www.imdb.com/title/tt2106476/,8.3,Drama,2012,['Thomas Vinterberg'],"['Mads Mikkelsen', 'Thomas Bo Larsen', 'Annika Wedderkopp']","$15,886,373"
Eternal Sunshine of the Spotless Mind,https://www.imdb.com/title/tt0338013/,8.3,"Drama, Romance, Sci-Fi",2004,['Michel Gondry'],"['Jim Carrey', 'Kate Winslet', 'Tom Wilkinson']","$73,384,095"
Ikiru,https://www.imdb.com/title/tt0044741/,8.3,Drama,1952,['Akira Kurosawa'],"['Takashi Shimura', 'Nobuo Kaneko', 'Shin&apos;ichi Himori']","$113,821"
2001: A Space Odyssey,https://www.imdb.com/title/tt0062622/,8.3,"Adventure, Sci-Fi",1968,['Stanley Kubrick'],"['Keir Dullea', 'Gary Lockwood', 'William Sylvester']","$66,810,089"
Reservoir Dogs,https://www.imdb.com/title/tt0105236/,8.3,"Crime, Thriller",1992,['Quentin Tarantino'],"['Harvey Keitel', 'Tim Roth', 'Michael Madsen']","$2,932,006"
The Apartment,https://www.imdb.com/title/tt0053604/,8.3,"Comedy, Drama, Romance",1960,['Billy Wilder'],"['Jack Lemmon', 'Shirley MacLaine', 'Fred MacMurray']","$18,783,770"
Incendies,https://www.imdb.com/title/tt1255953/,8.3,"Drama, Mystery, War",2011,['Denis Villeneuve'],"['Lubna Azabal', 'Mélissa Désormeaux-Poulin', 'Maxim Gaudette']","$6,797,861"
Lawrence of Arabia,https://www.imdb.com/title/tt0056172/,8.3,"Adventure, Biography, Drama",1962,['David Lean'],"['Peter O&apos;Toole', 'Alec Guinness', 'Anthony Quinn']","$45,766,917"
Scarface,https://www.imdb.com/title/tt0086250/,8.3,"Crime, Drama",1983,['Brian De Palma'],"['Al Pacino', 'Michelle Pfeiffer', 'Steven Bauer']","$66,443,303"
Double Indemnity,https://www.imdb.com/title/tt0036775/,8.3,"Crime, Drama, Film-Noir",1944,['Billy Wilder'],"['Fred MacMurray', 'Barbara Stanwyck', 'Edward G. Robinson']","$21,026"
North by Northwest,https://www.imdb.com/title/tt0053125/,8.3,"Adventure, Drama, Mystery",1959,['Alfred Hitchcock'],"['Cary Grant', 'Eva Marie Saint', 'James Mason']","$192,323"
Heat,https://www.imdb.com/title/tt0113277/,8.3,"Action, Crime, Drama",1995,['Michael Mann'],"['Al Pacino', 'Robert De Niro', 'Val Kilmer']","$187,436,818"
Citizen Kane,https://www.imdb.com/title/tt0033467/,8.3,"Drama, Mystery",1941,['Orson Welles'],"['Orson Welles', 'Joseph Cotten', 'Dorothy Comingore']","$1,707,754"
Up,https://www.imdb.com/title/tt1049413/,8.3,"Animation, Adventure, Comedy",2009,"['Pete Docter', 'Bob Peterson']","['Edward Asner', 'Jordan Nagai', 'John Ratzenberger']","$735,102,136"
M - Eine Stadt sucht einen Mörder,https://www.imdb.com/title/tt0022100/,8.3,"Crime, Mystery, Thriller",1931,['Fritz Lang'],"['Peter Lorre', 'Ellen Widmann', 'Inge Landgut']","$35,566"
Full Metal Jacket,https://www.imdb.com/title/tt0093058/,8.2,"Drama, War",1987,['Stanley Kubrick'],"['Matthew Modine', 'R. Lee Ermey', 'Vincent D&apos;Onofrio']","$50,193,748"
Vertigo,https://www.imdb.com/title/tt0052357/,8.3,"Mystery, Romance, Thriller",1958,['Alfred Hitchcock'],"['James Stewart', 'Kim Novak', 'Barbara Bel Geddes']","$7,968,347"
Le fabuleux destin d&apos;Amélie Poulain,https://www.imdb.com/title/tt0211915/,8.3,"Comedy, Romance",2001,['Jean-Pierre Jeunet'],"['Audrey Tautou', 'Mathieu Kassovitz', 'Rufus']","$175,183,052"
A Clockwork Orange,https://www.imdb.com/title/tt0066921/,8.2,"Crime, Sci-Fi",1972,['Stanley Kubrick'],"['Malcolm McDowell', 'Patrick Magee', 'Michael Bates']","$27,034,174"
Jodaeiye Nader az Simin,https://www.imdb.com/title/tt1832382/,8.3,Drama,2011,['Asghar Farhadi'],"['Payman Maadi', 'Leila Hatami', 'Sareh Bayat']","$22,926,076"
To Kill a Mockingbird,https://www.imdb.com/title/tt0056592/,8.3,"Crime, Drama",1963,['Robert Mulligan'],"['Gregory Peck', 'John Megna', 'Frank Overton']","$602,810"
Oppenheimer,https://www.imdb.com/title/tt15398776/,8.3,"Biography, Drama, History",2023,['Christopher Nolan'],"['Cillian Murphy', 'Emily Blunt', 'Matt Damon']","$975,811,333"
Die Hard,https://www.imdb.com/title/tt0095016/,8.2,"Action, Thriller",1988,['John McTiernan'],"['Bruce Willis', 'Alan Rickman', 'Bonnie Bedelia']","$143,651,650"
The Sting,https://www.imdb.com/title/tt0070735/,8.3,"Comedy, Crime, Drama",1973,['George Roy Hill'],"['Paul Newman', 'Robert Redford', 'Robert Shaw']","$156,000,000"
Taare Zameen Par,https://www.imdb.com/title/tt0986264/,8.3,"Drama, Family",2007,"['Aamir Khan', 'Amole Gupte']","['Darsheel Safary', 'Aamir Khan', 'Tisca Chopra']","$21,897,373"
Indiana Jones and the Last Crusade,https://www.imdb.com/title/tt0097576/,8.2,"Action, Adventure",1989,['Steven Spielberg'],"['Harrison Ford', 'Sean Connery', 'Alison Doody']","$474,171,806"
Metropolis,https://www.imdb.com/title/tt0017136/,8.3,"Drama, Sci-Fi",1927,['Fritz Lang'],"['Brigitte Helm', 'Alfred Abel', 'Gustav Fröhlich']","$1,350,322"
Snatch,https://www.imdb.com/title/tt0208092/,8.2,"Comedy, Crime",2000,['Guy Ritchie'],"['Jason Statham', 'Brad Pitt', 'Stephen Graham']","$83,557,872"
1917,https://www.imdb.com/title/tt8579674/,8.2,"Action, Drama, War",2020,['Sam Mendes'],"['Dean-Charles Chapman', 'George MacKay', 'Daniel Mays']","$446,064,352"
L.A. Confidential,https://www.imdb.com/title/tt0119488/,8.2,"Crime, Drama, Mystery",1997,['Curtis Hanson'],"['Kevin Spacey', 'Russell Crowe', 'Guy Pearce']","$126,216,940"
Ladri di biciclette,https://www.imdb.com/title/tt0040522/,8.2,Drama,1948,['Vittorio De Sica'],"['Lamberto Maggiorani', 'Enzo Staiola', 'Lianella Carell']","$451,336"
Der Untergang,https://www.imdb.com/title/tt0363163/,8.2,"Biography, Drama, History",2004,['Oliver Hirschbiegel'],"['Bruno Ganz', 'Alexandra Maria Lara', 'Ulrich Matthes']","$92,181,574"
Dangal,https://www.imdb.com/title/tt5074352/,8.3,"Action, Biography, Drama",2016,['Nitesh Tiwari'],"['Aamir Khan', 'Sakshi Tanwar', 'Fatima Sana Shaikh']","$303,726,694"
Taxi Driver,https://www.imdb.com/title/tt0075314/,8.2,"Crime, Drama",1976,['Martin Scorsese'],"['Robert De Niro', 'Jodie Foster', 'Cybill Shepherd']","$28,580,862"
Hamilton,https://www.imdb.com/title/tt8503618/,8.3,"Biography, Drama, History",2020,['Thomas Kail'],"['Lin-Manuel Miranda', 'Phillipa Soo', 'Leslie Odom Jr.']",
The Wolf of Wall Street,https://www.imdb.com/title/tt0993846/,8.2,"Biography, Comedy, Crime",2013,['Martin Scorsese'],"['Leonardo DiCaprio', 'Jonah Hill', 'Margot Robbie']","$407,039,432"
Batman Begins,https://www.imdb.com/title/tt0372784/,8.2,"Action, Drama",2005,['Christopher Nolan'],"['Christian Bale', 'Michael Caine', 'Ken Watanabe']","$375,406,308"
Green Book,https://www.imdb.com/title/tt6966692/,8.2,"Biography, Comedy, Drama",2018,['Peter Farrelly'],"['Viggo Mortensen', 'Mahershala Ali', 'Linda Cardellini']","$321,752,656"
Per qualche dollaro in più,https://www.imdb.com/title/tt0059578/,8.2,"Drama, Western",2023,['Sergio Leone'],"['Clint Eastwood', 'Lee Van Cleef', 'Gian Maria Volontè']","$15,000,000"
The Truman Show,https://www.imdb.com/title/tt0120382/,8.2,"Comedy, Drama",1998,['Peter Weir'],"['Jim Carrey', 'Ed Harris', 'Laura Linney']","$264,118,712"
Judgment at Nuremberg,https://www.imdb.com/title/tt0055031/,8.3,"Drama, War",1961,['Stanley Kramer'],"['Spencer Tracy', 'Burt Lancaster', 'Richard Widmark']","$12,180"
Some Like It Hot,https://www.imdb.com/title/tt0053291/,8.2,"Comedy, Music, Romance",1959,['Billy Wilder'],"['Marilyn Monroe', 'Tony Curtis', 'Jack Lemmon']","$208,786"
The Kid,https://www.imdb.com/title/tt0012349/,8.2,"Comedy, Drama, Family",1921,['Charles Chaplin'],"['Charles Chaplin', 'Edna Purviance', 'Jackie Coogan']","$41,979"
Shutter Island,https://www.imdb.com/title/tt1130884/,8.2,"Drama, Mystery, Thriller",2010,['Martin Scorsese'],"['Leonardo DiCaprio', 'Emily Mortimer', 'Mark Ruffalo']","$294,972,125"
The Father,https://www.imdb.com/title/tt10272386/,8.2,"Drama, Mystery",2021,['Florian Zeller'],"['Anthony Hopkins', 'Olivia Colman', 'Mark Gatiss']","$24,048,935"
All About Eve,https://www.imdb.com/title/tt0042192/,8.2,Drama,1950,['Joseph L. Mankiewicz'],"['Bette Davis', 'Anne Baxter', 'George Sanders']","$154,736"
Jurassic Park,https://www.imdb.com/title/tt0107290/,8.2,"Action, Adventure, Sci-Fi",1994,['Steven Spielberg'],"['Sam Neill', 'Laura Dern', 'Jeff Goldblum']","$1,104,379,926"
There Will Be Blood,https://www.imdb.com/title/tt0469494/,8.2,Drama,2008,['Paul Thomas Anderson'],"['Daniel Day-Lewis', 'Paul Dano', 'Ciarán Hinds']","$76,430,381"
Casino,https://www.imdb.com/title/tt0112641/,8.2,"Crime, Drama",1995,['Martin Scorsese'],"['Robert De Niro', 'Sharon Stone', 'Joe Pesci']","$116,112,375"
The Sixth Sense,https://www.imdb.com/title/tt0167404/,8.2,"Drama, Mystery, Thriller",1999,['M. Night Shyamalan'],"['Bruce Willis', 'Haley Joel Osment', 'Toni Collette']","$672,806,432"
Ran,https://www.imdb.com/title/tt0089881/,8.2,"Action, Drama, War",1985,['Akira Kurosawa'],"['Tatsuya Nakadai', 'Akira Terao', 'Jinpachi Nezu']","$4,174,860"
Top Gun: Maverick,https://www.imdb.com/title/tt1745960/,8.2,"Action, Drama",2022,['Joseph Kosinski'],"['Tom Cruise', 'Jennifer Connelly', 'Miles Teller']","$1,495,696,292"
No Country for Old Men,https://www.imdb.com/title/tt0477348/,8.2,"Crime, Drama, Thriller",2007,"['Ethan Coen', 'Joel Coen']","['Tommy Lee Jones', 'Javier Bardem', 'Josh Brolin']","$171,632,777"
The Thing,https://www.imdb.com/title/tt0084787/,8.2,"Horror, Mystery, Sci-Fi",1982,['John Carpenter'],"['Kurt Russell', 'Wilford Brimley', 'Keith David']","$20,836,881"
El laberinto del fauno,https://www.imdb.com/title/tt0457430/,8.2,"Drama, Fantasy, War",2006,['Guillermo del Toro'],"['Ivana Baquero', 'Ariadna Gil', 'Sergi López']","$83,863,565"
Unforgiven,https://www.imdb.com/title/tt0105695/,8.2,"Drama, Western",1992,['Clint Eastwood'],"['Clint Eastwood', 'Gene Hackman', 'Morgan Freeman']","$159,167,799"
A Beautiful Mind,https://www.imdb.com/title/tt0268978/,8.2,"Biography, Drama, Mystery",2002,['Ron Howard'],"['Russell Crowe', 'Ed Harris', 'Jennifer Connelly']","$316,791,257"
Kill Bill: Vol. 1,https://www.imdb.com/title/tt0266697/,8.2,"Action, Crime, Thriller",2003,['Quentin Tarantino'],"['Uma Thurman', 'David Carradine', 'Daryl Hannah']","$180,908,413"
The Treasure of the Sierra Madre,https://www.imdb.com/title/tt0040897/,8.2,"Adventure, Drama, Western",1948,['John Huston'],"['Humphrey Bogart', 'Walter Huston', 'Tim Holt']","$5,014,000"
Prisoners,https://www.imdb.com/title/tt1392214/,8.2,"Crime, Drama, Mystery",2013,['Denis Villeneuve'],"['Hugh Jackman', 'Jake Gyllenhaal', 'Viola Davis']","$122,127,446"
Yôjinbô,https://www.imdb.com/title/tt0055630/,8.2,"Action, Drama, Thriller",1961,['Akira Kurosawa'],"['Toshirô Mifune', 'Eijirô Tôno', 'Tatsuya Nakadai']","$68,196"
Finding Nemo,https://www.imdb.com/title/tt0266543/,8.2,"Animation, Adventure, Comedy",2003,"['Andrew Stanton', 'Lee Unkrich']","['Albert Brooks', 'Ellen DeGeneres', 'Alexander Gould']","$941,637,960"
The Great Escape,https://www.imdb.com/title/tt0057115/,8.2,"Adventure, Drama, Thriller",1963,['John Sturges'],"['Steve McQueen', 'James Garner', 'Richard Attenborough']","$230,637"
Monty Python and the Holy Grail,https://www.imdb.com/title/tt0071853/,8.2,"Adventure, Comedy, Fantasy",1975,"['Terry Gilliam', 'Terry Jones']","['Graham Chapman', 'John Cleese', 'Eric Idle']","$2,817,496"
Hauru no ugoku shiro,https://www.imdb.com/title/tt0347149/,8.2,"Animation, Adventure, Family",2004,['Hayao Miyazaki'],"['Chieko Baishô', 'Takuya Kimura', 'Tatsuya Gashûin']","$240,909,277"
The Elephant Man,https://www.imdb.com/title/tt0080678/,8.2,"Biography, Drama",1980,['David Lynch'],"['Anthony Hopkins', 'John Hurt', 'Anne Bancroft']","$26,034,325"
Dial M for Murder,https://www.imdb.com/title/tt0046912/,8.2,"Crime, Drama, Mystery",1954,['Alfred Hitchcock'],"['Ray Milland', 'Grace Kelly', 'Robert Cummings']","$45,313"
Ainda Estou Aqui,https://www.imdb.com/title/tt14961016/,8.4,"Biography, Drama, History",2024,['Walter Salles'],"['Fernanda Torres', 'Fernanda Montenegro', 'Selton Mello']","$34,593,378"
Gone with the Wind,https://www.imdb.com/title/tt0031381/,8.2,"Drama, Romance, War",1940,['Victor Fleming'],"['Clark Gable', 'Vivien Leigh', 'Thomas Mitchell']","$402,382,193"
Rashômon,https://www.imdb.com/title/tt0042876/,8.2,"Crime, Drama, Mystery",1950,['Akira Kurosawa'],"['Toshirô Mifune', 'Machiko Kyô', 'Masayuki Mori']","$139,819"
Klaus,https://www.imdb.com/title/tt4729430/,8.2,"Animation, Adventure, Comedy",2019,"['Sergio Pablos', 'Carlos Martínez López']","['Jason Schwartzman', 'J.K. Simmons', 'Rashida Jones']",
Chinatown,https://www.imdb.com/title/tt0071315/,8.1,"Drama, Mystery, Thriller",1974,['Roman Polanski'],"['Jack Nicholson', 'Faye Dunaway', 'John Huston']","$29,231,954"
El secreto de sus ojos,https://www.imdb.com/title/tt1305806/,8.2,"Drama, Mystery, Romance",2009,['Juan José Campanella'],"['Ricardo Darín', 'Soledad Villamil', 'Pablo Rago']","$35,079,650"
"Lock, Stock and Two Smoking Barrels",https://www.imdb.com/title/tt0120735/,8.1,"Comedy, Crime",1998,['Guy Ritchie'],"['Jason Flemyng', 'Dexter Fletcher', 'Nick Moran']","$3,753,929"
V for Vendetta,https://www.imdb.com/title/tt0434409/,8.1,"Action, Drama, Sci-Fi",2006,['James McTeigue'],"['Hugo Weaving', 'Natalie Portman', 'Rupert Graves']","$134,686,457"
Inside Out,https://www.imdb.com/title/tt2096673/,8.1,"Animation, Adventure, Comedy",2015,"['Pete Docter', 'Ronnie Del Carmen']","['Amy Poehler', 'Bill Hader', 'Lewis Black']","$859,076,254"
The Wild Robot,https://www.imdb.com/title/tt29623480/,8.2,"Animation, Sci-Fi",2024,['Chris Sanders'],"['Lupita Nyong&apos;o', 'Pedro Pascal', 'Kit Connor']","$333,165,945"
"Three Billboards Outside Ebbing, Missouri",https://www.imdb.com/title/tt5027774/,8.1,"Comedy, Crime, Drama",2017,['Martin McDonagh'],"['Frances McDormand', 'Woody Harrelson', 'Sam Rockwell']","$162,729,321"
The Bridge on the River Kwai,https://www.imdb.com/title/tt0050212/,8.1,"Adventure, Drama, War",1957,['David Lean'],"['William Holden', 'Alec Guinness', 'Jack Hawkins']","$27,201,366"
Trainspotting,https://www.imdb.com/title/tt0117951/,8.1,Drama,1996,['Danny Boyle'],"['Ewan McGregor', 'Ewen Bremner', 'Jonny Lee Miller']","$16,981,823"
Raging Bull,https://www.imdb.com/title/tt0081398/,8.1,"Biography, Drama, Sport",1980,['Martin Scorsese'],"['Robert De Niro', 'Cathy Moriarty', 'Joe Pesci']","$23,405,883"
Catch Me If You Can,https://www.imdb.com/title/tt0264464/,8.1,"Biography, Crime, Drama",2002,['Steven Spielberg'],"['Leonardo DiCaprio', 'Tom Hanks', 'Christopher Walken']","$352,114,312"
Fargo,https://www.imdb.com/title/tt0116282/,8.1,"Crime, Drama, Thriller",1996,"['Joel Coen', 'Ethan Coen']","['William H. Macy', 'Frances McDormand', 'Steve Buscemi']","$60,611,975"
Warrior,https://www.imdb.com/title/tt1291584/,8.1,"Action, Drama, Sport",2011,['Gavin O&apos;Connor'],"['Tom Hardy', 'Nick Nolte', 'Joel Edgerton']","$23,308,615"
Harry Potter and the Deathly Hallows - Part 2,https://www.imdb.com/title/tt1201607/,8.1,"Adventure, Family, Fantasy",2011,['David Yates'],"['Daniel Radcliffe', 'Emma Watson', 'Rupert Grint']","$1,342,499,744"
Gran Torino,https://www.imdb.com/title/tt1205489/,8.1,Drama,2009,['Clint Eastwood'],"['Clint Eastwood', 'Bee Vang', 'Christopher Carley']","$269,958,228"
Million Dollar Baby,https://www.imdb.com/title/tt0405159/,8.1,"Drama, Sport",2005,['Clint Eastwood'],"['Hilary Swank', 'Clint Eastwood', 'Morgan Freeman']","$216,763,646"
Tonari no Totoro,https://www.imdb.com/title/tt0096283/,8.1,"Animation, Comedy, Family",1988,['Hayao Miyazaki'],"['Hitoshi Takagi', 'Noriko Hidaka', 'Chika Sakamoto']","$30,370,646"
Spider-Man: No Way Home,https://www.imdb.com/title/tt10872600/,8.2,"Action, Adventure, Fantasy",2021,['Jon Watts'],"['Tom Holland', 'Zendaya', 'Benedict Cumberbatch']","$1,952,732,181"
Mad Max: Fury Road,https://www.imdb.com/title/tt1392190/,8.1,"Action, Adventure, Sci-Fi",2015,['George Miller'],"['Tom Hardy', 'Charlize Theron', 'Nicholas Hoult']","$380,437,267"
Ben-Hur,https://www.imdb.com/title/tt0052618/,8.1,"Adventure, Drama",1959,['William Wyler'],"['Charlton Heston', 'Jack Hawkins', 'Stephen Boyd']","$74,439,376"
Bacheha-ye aseman,https://www.imdb.com/title/tt0118849/,8.2,"Drama, Family, Sport",,['Majid Majidi'],"['Reza Naji', 'Amir Farrokh Hashemian', 'Bahare Seddiqi']","$933,933"
Barry Lyndon,https://www.imdb.com/title/tt0072684/,8.1,"Adventure, Drama, War",1975,['Stanley Kubrick'],"['Ryan O&apos;Neal', 'Marisa Berenson', 'Patrick Magee']","$280,093"
12 Years a Slave,https://www.imdb.com/title/tt2024544/,8.1,"Biography, Drama, History",2013,['Steve McQueen'],"['Chiwetel Ejiofor', 'Michael Kenneth Williams', 'Michael Fassbender']","$187,734,091"
Before Sunrise,https://www.imdb.com/title/tt0112471/,8.1,"Drama, Romance",1995,['Richard Linklater'],"['Ethan Hawke', 'Julie Delpy', 'Andrea Eckert']","$6,568,101"
Dead Poets Society,https://www.imdb.com/title/tt0097165/,8.1,"Comedy, Drama",1989,['Peter Weir'],"['Robin Williams', 'Robert Sean Leonard', 'Ethan Hawke']","$235,860,116"
Blade Runner,https://www.imdb.com/title/tt0083658/,8.1,"Action, Drama, Sci-Fi",1982,['Ridley Scott'],"['Harrison Ford', 'Rutger Hauer', 'Sean Young']","$41,759,489"
The Grand Budapest Hotel,https://www.imdb.com/title/tt2278388/,8.1,"Adventure, Comedy, Crime",2014,['Wes Anderson'],"['Ralph Fiennes', 'F. Murray Abraham', 'Mathieu Amalric']","$174,567,384"
Hacksaw Ridge,https://www.imdb.com/title/tt2119532/,8.1,"Biography, Drama, History",2016,['Mel Gibson'],"['Andrew Garfield', 'Sam Worthington', 'Luke Bracey']","$180,563,636"
Gone Girl,https://www.imdb.com/title/tt2267998/,8.1,"Drama, Mystery, Thriller",2014,['David Fincher'],"['Ben Affleck', 'Rosamund Pike', 'Neil Patrick Harris']","$370,890,259"
Salinui chueok,https://www.imdb.com/title/tt0353969/,8.1,"Crime, Drama, Mystery",2003,['Bong Joon Ho'],"['Song Kang-ho', 'Kim Sang-kyung', 'Kim Roe-ha']","$1,210,156"
In the Name of the Father,https://www.imdb.com/title/tt0107207/,8.1,"Biography, Crime, Drama",1993,['Jim Sheridan'],"['Daniel Day-Lewis', 'Pete Postlethwaite', 'Alison Crosbie']","$65,796,862"
"Monsters, Inc.",https://www.imdb.com/title/tt0198781/,8.1,"Animation, Adventure, Comedy",2001,"['Pete Docter', 'David Silverman', 'Lee Unkrich']","['Billy Crystal', 'John Goodman', 'Mary Gibbs']","$579,770,299"
Ratatouille,https://www.imdb.com/title/tt0382932/,8.1,"Animation, Adventure, Comedy",2007,"['Brad Bird', 'Jan Pinkava']","['Brad Garrett', 'Lou Romano', 'Patton Oswalt']","$623,729,380"
The Gold Rush,https://www.imdb.com/title/tt0015864/,8.1,"Adventure, Comedy, Drama",1925,['Charles Chaplin'],"['Charles Chaplin', 'Mack Swain', 'Tom Murray']","$31,490"
Relatos salvajes,https://www.imdb.com/title/tt3011894/,8.1,"Comedy, Drama, Thriller",2014,['Damián Szifron'],"['Darío Grandinetti', 'María Marull', 'Mónica Villa']","$31,478,893"
How to Train Your Dragon,https://www.imdb.com/title/tt0892769/,8.1,"Animation, Action, Adventure",2010,"['Dean DeBlois', 'Chris Sanders']","['Jay Baruchel', 'Gerard Butler', 'Christopher Mintz-Plasse']","$494,879,860"
Sherlock Jr.,https://www.imdb.com/title/tt0015324/,8.2,"Action, Comedy, Romance",1924,['Buster Keaton'],"['Buster Keaton', 'Kathryn McGuire', 'Joe Keaton']",$399
Jaws,https://www.imdb.com/title/tt0073195/,8.1,"Adventure, Drama, Horror",1975,['Steven Spielberg'],"['Roy Scheider', 'Robert Shaw', 'Richard Dreyfuss']","$477,916,625"
Mary and Max.,https://www.imdb.com/title/tt0978762/,8.1,"Animation, Comedy, Drama",2009,['Adam Elliot'],"['Toni Collette', 'Philip Seymour Hoffman', 'Eric Bana']","$1,740,791"
The Deer Hunter,https://www.imdb.com/title/tt0077416/,8.1,"Drama, War",1979,['Michael Cimino'],"['Robert De Niro', 'Christopher Walken', 'John Cazale']","$49,080,126"
The General,https://www.imdb.com/title/tt0017925/,8.1,"Action, Adventure, Comedy",1927,"['Clyde Bruckman', 'Buster Keaton']","['Buster Keaton', 'Marion Mack', 'Glen Cavender']","$1,344"
Ford v Ferrari,https://www.imdb.com/title/tt1950186/,8.1,"Action, Biography, Drama",2019,['James Mangold'],"['Matt Damon', 'Christian Bale', 'Jon Bernthal']","$226,299,480"
Le salaire de la peur,https://www.imdb.com/title/tt0046268/,8.1,"Adventure, Drama, Thriller",1953,['Henri-Georges Clouzot'],"['Yves Montand', 'Charles Vanel', 'Peter van Eyck']","$22,326"
On the Waterfront,https://www.imdb.com/title/tt0047296/,8.1,"Crime, Drama, Thriller",1954,['Elia Kazan'],"['Marlon Brando', 'Karl Malden', 'Lee J. Cobb']","$3,768"
Mr. Smith Goes to Washington,https://www.imdb.com/title/tt0031679/,8.1,"Comedy, Drama",1939,['Frank Capra'],"['James Stewart', 'Jean Arthur', 'Claude Rains']","$146,123"
Smultronstället,https://www.imdb.com/title/tt0050986/,8.1,"Drama, Romance",1957,['Ingmar Bergman'],"['Victor Sjöström', 'Bibi Andersson', 'Ingrid Thulin']","$81,070"
Logan,https://www.imdb.com/title/tt3315342/,8.1,"Action, Drama, Sci-Fi",2017,['James Mangold'],"['Hugh Jackman', 'Patrick Stewart', 'Dafne Keen']","$619,180,476"
The Third Man,https://www.imdb.com/title/tt0041959/,8.1,"Drama, Film-Noir, Mystery",1949,['Carol Reed'],"['Orson Welles', 'Joseph Cotten', 'Alida Valli']","$1,406,393"
Rocky,https://www.imdb.com/title/tt0075148/,8.1,"Drama, Sport",1976,['John G. Avildsen'],"['Sylvester Stallone', 'Talia Shire', 'Burt Young']","$117,253,345"
Maharaja,https://www.imdb.com/title/tt26548265/,8.4,"Action, Crime, Drama",2024,['Nithilan Saminathan'],"['Vijay Sethupathi', 'Anurag Kashyap', 'Mamta Mohandas']","$975,543"
Tôkyô monogatari,https://www.imdb.com/title/tt0046438/,8.1,Drama,1953,['Yasujirô Ozu'],"['Chishû Ryû', 'Chieko Higashiyama', 'Sô Yamamura']","$92,310"
The Big Lebowski,https://www.imdb.com/title/tt0118715/,8.1,"Comedy, Crime",1998,"['Joel Coen', 'Ethan Coen']","['Jeff Bridges', 'John Goodman', 'Julianne Moore']","$48,261,691"
Spotlight,https://www.imdb.com/title/tt1895587/,8.1,"Biography, Crime, Drama",2015,['Tom McCarthy'],"['Mark Ruffalo', 'Michael Keaton', 'Rachel McAdams']","$98,690,254"
Det sjunde inseglet,https://www.imdb.com/title/tt0050976/,8.1,"Drama, Fantasy",1957,['Ingmar Bergman'],"['Max von Sydow', 'Gunnar Björnstrand', 'Bengt Ekerot']","$311,212"
The Terminator,https://www.imdb.com/title/tt0088247/,8.1,"Action, Adventure, Sci-Fi",1984,['James Cameron'],"['Arnold Schwarzenegger', 'Linda Hamilton', 'Michael Biehn']","$78,371,200"
Room,https://www.imdb.com/title/tt3170832/,8.1,"Drama, Thriller",2015,['Lenny Abrahamson'],"['Brie Larson', 'Jacob Tremblay', 'Sean Bridgers']","$35,402,766"
Pirates of the Caribbean: The Curse of the Black Pearl,https://www.imdb.com/title/tt0325980/,8.1,"Action, Adventure, Fantasy",2003,['Gore Verbinski'],"['Johnny Depp', 'Geoffrey Rush', 'Orlando Bloom']","$654,264,546"
La haine,https://www.imdb.com/title/tt0113247/,8.1,"Crime, Drama",1995,['Mathieu Kassovitz'],"['Vincent Cassel', 'Hubert Koundé', 'Saïd Taghmaoui']","$759,234"
Jai Bhim,https://www.imdb.com/title/tt15097216/,8.7,"Crime, Drama",2021,['T.J. Gnanavel'],"['Suriya', 'Lijo Mol Jose', 'Manikandan K.']",
Hotel Rwanda,https://www.imdb.com/title/tt0395169/,8.1,"Biography, Drama, History",2005,['Terry George'],"['Don Cheadle', 'Sophie Okonedo', 'Joaquin Phoenix']","$33,882,243"
Platoon,https://www.imdb.com/title/tt0091763/,8.1,"Drama, War",1987,['Oliver Stone'],"['Charlie Sheen', 'Tom Berenger', 'Willem Dafoe']","$138,545,632"
Before Sunset,https://www.imdb.com/title/tt0381681/,8.1,"Drama, Romance",2004,['Richard Linklater'],"['Ethan Hawke', 'Julie Delpy', 'Vernon Dobtcheff']","$16,506,532"
The Best Years of Our Lives,https://www.imdb.com/title/tt0036868/,8.1,"Drama, Romance, War",1947,['William Wyler'],"['Myrna Loy', 'Dana Andrews', 'Fredric March']","$23,667,133"
The Exorcist,https://www.imdb.com/title/tt0070047/,8.1,Horror,1973,['William Friedkin'],"['Ellen Burstyn', 'Max von Sydow', 'Linda Blair']","$430,872,776"
La passion de Jeanne d&apos;Arc,https://www.imdb.com/title/tt0019254/,8.1,"Biography, Drama, History",1928,['Carl Theodor Dreyer'],"['Maria Falconetti', 'Eugene Silvain', 'André Berley']","$22,731"
The Wizard of Oz,https://www.imdb.com/title/tt0032138/,8.1,"Adventure, Family, Fantasy",1939,"['Victor Fleming', 'King Vidor']","['Judy Garland', 'Frank Morgan', 'Ray Bolger']","$25,637,669"
The Incredibles,https://www.imdb.com/title/tt0317705/,8.0,"Animation, Action, Adventure",2005,['Brad Bird'],"['Craig T. Nelson', 'Samuel L. Jackson', 'Holly Hunter']","$631,688,498"
The Sound of Music,https://www.imdb.com/title/tt0059742/,8.1,"Biography, Drama, Family",1965,['Robert Wise'],"['Julie Andrews', 'Christopher Plummer', 'Eleanor Parker']","$159,484,051"
Rush,https://www.imdb.com/title/tt1979320/,8.1,"Biography, Drama, Sport",2013,['Ron Howard'],"['Daniel Brühl', 'Chris Hemsworth', 'Olivia Wilde']","$96,992,516"
Hachi: A Dog&apos;s Tale,https://www.imdb.com/title/tt1028532/,8.1,"Biography, Drama, Family",2010,['Lasse Hallström'],"['Richard Gere', 'Joan Allen', 'Cary-Hiroyuki Tagawa']","$46,749,646"
Stand by Me,https://www.imdb.com/title/tt0092005/,8.1,"Adventure, Comedy, Drama",1986,['Rob Reiner'],"['Wil Wheaton', 'River Phoenix', 'Corey Feldman']","$53,525,035"
Kimetsu no Yaiba: Tsuzumi Yashiki-hen,https://www.imdb.com/title/tt16492678/,8.5,"Animation, Action, Fantasy",2021,['Haruo Sotozaki'],[],"$67,358"
Network,https://www.imdb.com/title/tt0074958/,8.1,Drama,1976,['Sidney Lumet'],"['Faye Dunaway', 'William Holden', 'Peter Finch']","$23,701,317"
Babam ve Oglum,https://www.imdb.com/title/tt0476735/,8.2,"Drama, Family",2005,['Çagan Irmak'],"['Çetin Tekindor', 'Fikret Kuskan', 'Hümeyra']","$18,612,999"
Ah-ga-ssi,https://www.imdb.com/title/tt4016934/,8.1,"Drama, Romance, Thriller",2016,['Park Chan-wook'],"['Kim Min-hee', 'Ha Jung-woo', 'Cho Jin-woong']","$37,863,670"
The Iron Giant,https://www.imdb.com/title/tt0129167/,8.1,"Animation, Action, Adventure",1999,['Brad Bird'],"['Eli Marienthal', 'Harry Connick Jr.', 'Jennifer Aniston']","$23,338,352"
To Be or Not to Be,https://www.imdb.com/title/tt0035446/,8.1,"Comedy, Romance, War",1942,['Ernst Lubitsch'],"['Carole Lombard', 'Jack Benny', 'Robert Stack']","$4,578,000"
La battaglia di Algeri,https://www.imdb.com/title/tt0058946/,8.1,"Drama, War",1966,['Gillo Pontecorvo'],"['Brahim Hadjadj', 'Jean Martin', 'Yacef Saadi']","$962,002"
Into the Wild,https://www.imdb.com/title/tt0758758/,8.1,"Adventure, Biography, Drama",2007,['Sean Penn'],"['Emile Hirsch', 'Vince Vaughn', 'Catherine Keener']","$56,676,733"
The Grapes of Wrath,https://www.imdb.com/title/tt0032551/,8.1,Drama,1940,['John Ford'],"['Henry Fonda', 'Jane Darwell', 'John Carradine']","$7,304"
Groundhog Day,https://www.imdb.com/title/tt0107048/,8.0,"Comedy, Drama, Fantasy",1993,['Harold Ramis'],"['Bill Murray', 'Andie MacDowell', 'Chris Elliott']","$71,108,778"
Koe no katachi,https://www.imdb.com/title/tt5323662/,8.1,"Animation, Drama",2016,['Naoko Yamada'],"['Miyu Irino', 'Saori Hayami', 'Aoi Yûki']","$30,819,442"
The Help,https://www.imdb.com/title/tt1454029/,8.1,Drama,2011,['Tate Taylor'],"['Viola Davis', 'Emma Stone', 'Octavia Spencer']","$221,802,186"
Amores perros,https://www.imdb.com/title/tt0245712/,8.0,"Drama, Thriller",2000,['Alejandro G. Iñárritu'],"['Emilio Echevarría', 'Gael García Bernal', 'Goya Toledo']","$20,908,467"
Rebecca,https://www.imdb.com/title/tt0032976/,8.1,"Drama, Mystery, Romance",1940,['Alfred Hitchcock'],"['Laurence Olivier', 'Joan Fontaine', 'George Sanders']","$113,328"
Drishyam,https://www.imdb.com/title/tt4430212/,8.2,"Crime, Drama, Mystery",2015,['Nishikant Kamat'],"['Ajay Devgn', 'Shriya Saran', 'Tabu']",
